﻿[
   {
    "id": 1,
     "types": [
      "tree4",
      "tree2"
    ],
    "layout": [
      7, 7, 1 ,
      7, 8, 1 ,
      8, 7, 1 ,
      8, 8, 1 
    ]
   },
  {
    "id": 2,
    "types": [
      "tree2",
      "tree4"
    ],
    "layout": [
      7,
      7,
      0,
      7,
      8,
      1,
      8,
      7,
      0,
      8,
      8,
      0
    ]
  },
  {
    "id": 3,
    "types": [
      "tree2",
      "tree4"
    ],
    "layout": [
      6,
      6,
      0,
      6,
      9,
      1,
      9,
      6,
      0,
      9,
      9,
      1
    ]
  },
  {
    "id": 4,
    "types": [
      "tree2",
      "tree4"
    ],
    "layout": [
      7,
      4,
      1,
      6,
      12,
      1,
      9,
      6,
      0,
      12,
      9,
      0
    ]
  },
  {
    "id": 5,
     "types": [
      "column1",
      "tree4"
    ],
    "layout": [
      4, 4, 0 ,
      4, 11, 0 ,
      11, 4, 0 ,
      11,
      11,
      0,
      7,
      7,
      0,
      7,
      8,
      0,
      8,
      7,
      0,
      8,
      8,
      0
    ]
   }
 ]
