﻿[
  {
    "name": "Trooper1",
    "spriteSheet": "CombatSprites/Soldier1",
    "sprite": 0,
    "realName":  "Trooper",
    "hp": 15,
    "armor": 10,
    "attack": 7,
    "speed": 6,
    "range": 3,
    "movement": 4,
    "gun": 5,
    "level": 5
  },
  {
    "name": "Trooper2",
    "spriteSheet": "CombatSprites/Soldier1",
    "sprite": 0,
    "realName":  "Trooper",
    "hp": 15,
    "armor": 10,
    "attack": 7,
    "speed": 6,
    "range": 3,
    "movement": 4,
    "gun": 5,
    "level": 5
  },
  {
    "name": "Genomorph",
    "spriteSheet": "CombatSprites/Morphe",
    "sprite": 0,
    "realName":  "Genomorph",
    "hp": 17,
    "armor": 7,
    "attack": 7,
    "speed": 12,
    "range": 1,
    "movement": 5,
    "gun": 0,
    "level": 3
  },
  {
    "name": "Boar",
    "spriteSheet": "CombatSprites/Boar",
    "sprite": 0,
    "realName":  "boar",
    "hp": 10,
    "armor": 3,
    "attack": 5,
    "speed": 3,
    "range": 1,
    "movement": 4,
    "gun": 0,
    "level": 1
  },
  {
    "name": "Eyebot",
    "spriteSheet": "CombatSprites/Eyebot",
    "sprite": 0,
    "realName":  "Eyebot",
    "hp": 6,
    "armor": 12,
    "attack": 4,
    "speed": 10,
    "range": 2,
    "movement": 6,
    "gun": 0,
    "level": 2
  },
  {
    "name": "K8",
    "spriteSheet": "CombatSprites/K8",
    "sprite": 0,
    "realName": "???",
    "hp": 24,
    "armor": 15,
    "attack": 8,
    "speed": 6,
    "range": 4,
    "Movement": 5,
    "gun": 5,
    "level": 7
  },
  {
    "name": "Robot",
    "spriteSheet": "CombatSprites/Robot",
    "sprite": 0,
    "realName":  "Security Bot",
    "hp": 9,
    "armor": 9,
    "attack": 7,
    "speed": 6,
    "range": 1,
    "movement": 3,
    "gun": 0,
    "level": 3
  }
    
 ]
