﻿[
    {
    "id": 1,
    "types": [
      "Boar"
    ],
    "layout": [
      7, 11, 0 ,
      7, 13, 0 ,
      8, 12, 0 ,
      8, 14, 0 
    ]
   },
  {
    "id": 2,
    "types": [
      "Boar",
      "Eyebot"
    ],
    "layout": [
      11,
      13,
      1,

      14,
      13,
      1,

      13,
      12,
      1,

      12,
      14,
      0
    ]
  },
  {
    "id": 3,
    "types": [
      "Boar",
      "Genomorph"
    ],
    "layout": [
      11,
      13,
      0,

      14,
      13,
      0,

      13,
      12,
      1,

      12,
      14,
      0
    ]
  },
  {
    "id": 4,
    "types": [
      "Genomorph",
      "Eyebot"
    ],
    "layout": [
      11,
      13,
      1,

      14,
      13,
      0,

      13,
      12,
      1
    ]
  },
  {
    "id": 5,
    "types": [
      "Genomorph"
    ],
    "layout": [
      11,
      13,
      0,
      14,
      13,
      0,
      13,
      12,
      0
    ]
  },
  {
    "id": 6,
     "types": [
      "Robot",
      "K8"
    ],
    "layout": [
      7, 14, 0 ,
      8, 14, 1 ,
      9, 14, 0 
    ]
   }
 ]
